상품명,카테고리
오뚜기 컵밥 제육덮밥(310g),식품
크린롤백(25cm x 35cm),주방 용품
롯데 빅가나 마일드(110g),식품
백설 자른 햇당면(300g),식품
백설 건강발효 현미식초(800ml),식품
롯데 핫식스(250ml),식품
오뚜기 고소한 골드 마요네즈(500g),식품
"대파(흙대파, 500~800g)",식품
프릴 시크릿 오브 베이킹소다 퓨어레몬향(750ml),주방 용품
"당근(흙당근, 100g)",식품
양배추,식품
롯데 ABC 초코(187g),식품
햇반 컵반 고추장 제육덮밥(250g),식품
페리오 캐비티케어(3개),위생 용품
피죤 섬유유연제 핑크로즈(2.1L),생활 용품
"양파(껍질 있는 망포장, 1.5kg)",식품
백설 소면(900g),식품
미쟝센 퍼펙트세럼 샴푸(680ml),위생 용품
남양유업 맛있는우유GT(1L),식품
"오징어(생물, 200~300g)",식품
남양 17차 티백(80개입),식품
피죤 습기제로(8개입),생활 용품
크리넥스 KF94 4단 마스크,생활 용품
산들애 국내산 해물(250g),식품
좋은느낌 좋은순면 울트라 날개 중형(36개입),생활 용품
청정원 미원 맛소금(500g),식품
프리미엄 산양분유 1단계(800g),식품
바이오 플레인 요거트(4개),식품
오뚜기밥(210g),식품
코디 키친타월(6롤),생활 용품
레드불 에너지 드링크(250ml),식품
좋은느낌 울트라슬림 에어핏쿠션 날개 중형(36개입),생활 용품
맥심 모카골드 마일드(200개입),식품
청정원 고소한 마요네즈(500g),식품
자유시간(5개입),식품
느타리버섯(100g),식품
백설 구운소금(500g),식품
"쇠고기 등심(1등급, 100g)",식품
아이시스(2L),식품
옛날국수 소면(900g),식품
팔도 왕뚜껑(110g),식품
해찬들 사계절 쌈장(500g),식품
썬 부탄가스(4개),생활 용품
유한락스 욕실청소용(1800ml),위생 용품
오리온 통아몬드 캔디(90g),식품
컴배트 스피드 에어졸(500ml),생활 용품
그릴후랑크(600g),식품
양반 들기름이 그윽한 김(16팩),식품
오가니스트 히말라야 핑크솔트 바디워시 리프레싱 민트향(865ml),위생 용품
오뚜기 참기름(320ml),식품
하기스 매직컴포트 특대형 공용 팬티형 5단계(33매),생활 용품
델몬트 오렌지 100(1.5L),식품
드빈치 고칼슘치즈(15매),식품
켈로그 콘푸로스트(600g),식품
오뚜기 맛있는 쇠고기미역국밥(162g),식품
오뚜기 옛날 사골곰탕(350g),식품
3M 후레쉬 슬라이드 지퍼백 중형(21cm x 16cm x 6cm),주방 용품
무균무때 세정제 욕실용(900ml),위생 용품
맥스 부탄가스(4개),생활 용품
청정원 맛선생 국내산해물(250g),식품
참조기(200~400g),식품
청정원 오리엔탈 드레싱,식품
요플레 오리지널(4개),식품
스팸 클래식(200g),식품
그린핑거 촉촉한자연보습 베이비로션(320ml),생활 용품
"쇠고기 불고기(1등급, 100g)",식품
오뚜기카레 순한맛(100g),식품
하림 토종닭백숙(1.05kg),식품
비비고 왕교자(1.05kg),식품
에프킬라 에어로졸 무향(500ml),생활 용품
오로나민C(10개입),식품
해찬들 재래식 된장(1kg),식품
딸기잼(500g),식품
카누 마일드 로스트 아메리카노(30개입),식품
홈스타 욕실용 세정제(900ml),위생 용품
켈로그 레드베리 에너지바(4개입),식품
참크래커(280g),식품
청정원 발사믹 드레싱,식품
하기스 매직컴포트 대형 공용 팬티형 4단계(40매),생활 용품
생야채돼지고기물만두(800g),식품
어드밴스 캐비티 블루(3개),위생 용품
때가 쏙 비트 분말세제(6kg),생활 용품
보노 콘스프(3개입),식품
비비고 사골곰탕(500g),식품
오랄비 크로스액션(3개입),위생 용품
삼호 안심 부산어묵(400g),식품
오뚜기 토마토 케찹(500g),식품
백설 5가지 재료 부침가루(1kg),식품
탕종숙식빵(420g),식품
청정원 옛날식 짜장(180g),식품
백설 식용유(1.5L),식품
다우니 고농축 섬유유연제 엑스퍼트(2L),생활 용품
크린지퍼백(18cm x 20cm),주방 용품
오뚜기 사과식초(900ml),식품
밥이보약 CAT 걱정없는 헤어볼,식품
페브리즈 상쾌한향(370ml),생활 용품
포카리스웨트(620ml),식품
삼다수(500ml*20개),식품
"오징어(냉동, 200~300g)",식품
순창 오리지널 우리쌀 찰고추장(1kg),식품
배추(1.5~2kg),식품
백설 진한참기름,식품
국순당 생막걸리(750ml),식품
파워에이드 마운틴블라스트(520ml),식품
햇반(210g),식품
청정원 카레여왕 구운마늘&amp;양파(108g), 식품
"갈치(생물, 100g)",식품
롯데 월드콘 바닐라(160ml),식품
오뚜기 간편 북엇국(5개입),식품
플로쉴드 옐로우 면도날(4개),위생 용품
오리온 초코파이(18개입),식품
햇반(6개입),식품
복음자리 딸기잼(370g),식품
큐원 하얀설탕(1kg),식품
JB 뉴 베드타임 로션(500ml),생활 용품
백설 찰밀가루(1kg),식품
행복한콩 찌개두부(300g),식품
깻잎(100g),식품
도브 뷰티 너리싱 바디워시(1kg),위생 용품
의성마늘 한입슬라이스햄(60g),식품
엘라스틴 모로칸 아르간 오일 집중영양 샴푸(680ml),위생 용품
파스퇴르우유 후레쉬(930ml),식품
풋고추(100g),식품
비트 트리플 액션(2.8L),생활 용품
하이드로8 면도날(8개),위생 용품
"갈치(냉동, 100g)",식품
백설 자일로스 설탕(1kg),식품
해태 부라보콘 화이트바닐라(140ml),식품
메소드 주방세제 핑크(532ml),주방 용품
해피바스 라벤더 에센스 바디워시(900g),위생 용품
크린랩 고무장갑 중(2세트),주방 용품
오뚜기 옛날 육개장(300g),식품
해태 오예스(12개입),식품
이오(5개),식품
죽염 칫술 잇몸(4개),위생 용품
허니버터아몬드(210g),식품
가그린 오리지널(750ml),위생 용품
정말 순한 바디밀크(450ml),위생 용품
동서벌꿀(600g),식품
칠성사이다 제로(1.5L),식품
양조간장 501(500ml),식품
순창 재래식안심생된장(1kg),식품
퍼실 파워젤 액체 드럼용(2.7L),생활 용품
오뚜기 콩기름 100%(900ml),식품
테라(500ml),식품
참이슬 클래식(360ml),식품
카스 프레쉬(500ml),식품
닥터유 에너지바(40g),식품
오이(백다다기),식품
쏘피 바디피트 볼록맞춤 날개 중형(32개입),생활 용품
크리넥스 데코엔소프트 3겹(24롤),생활 용품
마미손 고무장갑 중(2세트),주방 용품
대림 게맛살 큰잔치(300g),식품
해태 바밤바(63ml),식품
곰표 밀가루 중력다목적용(1kg),식품
칸타타 프리미엄 라떼(275ml),식품
"감자(껍질 있는 감자, 100g)",식품
핫브레이크 미니(714g),식품
풀무원 동물복지 목초란(대란 10개),식품
목초를 먹고 자란 건강한 닭이 낳은 달걀(대란 15개),식품
햇반 컵반 미역국밥(167g),식품
불가리스(4개),식품
"고등어(생물, 300~500g)",식품
마일드참치(150g),식품
메디안 치석 치약 오리지널(3개),위생 용품
옛날 자른당면(300g),식품
백설 그릴 비엔나(720g),식품
스페셜K 오리지널(480g),식품
덴마크 오리지널 치즈(14매),식품
손잡이 크린백(35cm x 45cm),주방 용품
부세(200~400g),식품
동원 양반 쇠고기죽(287.5g),식품
햇반(3개입),식품
려 두피보호 한방염색 짙은 밤색 4.5(60g),생활 용품
서울우유 흰우유(1L),식품
유한락스 후레쉬(1.5L),생활 용품
하림 자연실록백숙(830g),식품
화이트 시크릿홀 날개 중형(36개입),생활 용품
국산콩두부 찌개용(380g),식품
코카콜라(1.8L),식품
비타파워(20개입),식품
미쟝센 쉽고빠른거품염색 3N 흑갈색(40g),생활 용품
매일유업 뼈로가는 칼슘치즈(270g),식품
3분 쇠고기카레(200g),식품
돼지고기 삼겹살(100g),식품
마일드참치(3개),식품
의성마늘 빅그릴 비엔나(600g),식품
프렌치카페 카페믹스(220개입),식품
랩신 핸드워시 센서티브(250ml),위생 용품
체다치즈(15매),식품
맥심 티오피 마스터 라떼(275ml),식품
해표 꽃소금(1kg),식품
크린랩(30cm x 50m),주방 용품
진라면 순한맛(5개입),식품
게토레이 레몬(600ml),식품
앱솔루트 명작 3단계(800g),식품
지퍼락 지퍼백 냉장 중형(20매),주방 용품
3분 쇠고기짜장(200g),식품
임페리얼 드림 XO 3단계(800g),식품
달콤한 삼육두유 B,식품
아이비(270g),식품
들기름 재래 도시락김(12팩),식품
사조참치 살코기 안심따개(4캔),생활 용품
"쇠고기 불고기(1+등급, 100g)",식품
빙그레 참붕어 싸만코(150ml),식품
항균 트리오(973ml),생활 용품
크리넥스 안심 키친타월(6롤),주방 용품
홈스타 락스와세제 후로랄파인(750ml),생활 용품
홈키파 수성 에어졸(500ml),생활 용품
국순당 우국생(750ml),식품
아이시스(500ml),식품
마주앙 레드(750ml),식품
해찬들 우리쌀태양초골드(1kg),식품
물먹는하마(3개입),생활 용품
비비고 소고기죽(280g),식품
쪽파(흙쪽파),식품
드봉 스위트로즈(4개),위생 용품
청정원 카레여왕 비프카레(160g),식품
삼호 안심 김밥맛살(264g),식품
참이슬 후레쉬(360ml),식품
동원참치 라이트스탠다드(150g),식품
동서현미녹차(100개입),식품
해피바스 허브 라벤더 아로마 바(4개),위생 용품
샘표 시골집 토장(900g),식품
해표 순창궁 양념쌈장(500g),식품
해표 맑고 신선한 식용유(900ml),식품
제주 위트 에일(500ml),식품
국산아작아작콩나물(350g),식품
돼지고기 목살(100g),식품
신라면(5개입),식품
주부9단 프랑크소시지(900g),식품
리엔 흑모비책크림염색 자연갈색(60g),생활 용품
진간장 금F3(930ml),식품
시금치(250~400g),식품
진로 와인(500ml),식품
서울장수생막걸리(750ml),식품
페브리즈 상쾌한향(900ml),생활 용품
스프라이트(1.5L),식품
동원 양반 전복죽(287.5g),식품
닥터유 에너지바(4개입),식품
메로나(75ml),식품
매일두유 담백한 맛(16팩),식품
비타500(10개입),식품
"고구마(껍질 있는 호박고구마, 100g)",식품
페리오 토탈7 칫솔 힘있는 미세모(4개),위생 용품
밥이보약 튼튼한관절,식품
리스테린 쿨민트(750ml),위생 용품
참프레 동물복지 닭백숙(1.1kg),식품
오뚜기밥(6개입),식품
달콤한 베지밀 비(16팩),식품
몽쉘 크림(384g),식품
삼양라면(5개입),식품
포스트 콘푸라이트(600g),식품
롯데 자일리톨 오리지날(97g),식품
크린랩(22cm x 50m),주방 용품
하기스 매직컴포트 중형 공용 밴드형 3단계(66매),생활 용품
포테토칩 오리지날(125g),식품
"쇠고기 등심(1+등급, 100g)",식품
"고구마(껍질 있는 밤고구마, 100g)",식품
자유시간(36g),식품
CJ 알짜란(대란 15개),식품
케라리스 데미지 클리닉 오리지널 샴푸(750ml),위생 용품
닥터아토 트리플 히알루론 모이스춰 로션(310ml),생활 용품
어드밴스 캐비티 블루(120g),위생 용품
오뚜기 간편 미역국(5개입),식품
어드밴스드 보건용마스크 대형(10매입),위생 용품
아이!깨끗해 항균폼 상큼레몬향(250ml),위생 용품
애호박,식품
세이 온더바디 고보습 아이리스(900ml),생활 용품
도브 뷰티바(4개),위생 용품
보노 포르치니버섯스프(3개입),식품
려 함빛 극손상엔영양케어 샴푸(550ml),위생 용품
동원 싱싱맛살 실속(500g),식품
오뚜기 소프트마가린(180g),식품
양송이버섯(100g),식품
휴마시스 코비드-19 홈 테스트,생활 용품
농심 신라면 큰사발면(114g),식품
오뚜기 참깨라면 컵(110g),식품
롯데 목캔디 허브민트(217g),식품
"무(줄기 없는 무, 1.5kg)",식품
오뚜기밥(3개입),식품
삼다수(2L*6개),식품
아카페라 아메리카노(240ml),식품
국산콩두부 부침용(380g),식품
처음처럼(360ml),식품
매일우유 오리지널(900ml),식품
대림선어묵 부산어묵(300g),식품
CJ 더안심 건강란(대란 15개),식품
삼다수(2L),식품
퍼실 파워젤 액체 일반용(2.7L),위생 용품
몬스터 에너지(355ml),식품
맥스웰 하우스 오리지날(180개입),식품
적상추(100g),식품
오뚜기 부침가루(1kg),식품
떠먹는 불가리스 딸기(4개),식품
유한락스 레귤러(1.8L),위생 용품
백설 하얀설탕(1kg),식품
동서 아카시아꿀(600g),식품
오뚜기 3분 백세카레 약간 매운맛(200g),식품
청정원 순창 양념듬뿍 쌈장(500g),식품
돼지바(70ml),식품
자연퐁 솔잎(490ml),주방 용품
주부9단 슬라이스햄(300g),식품
행복한콩 부침두부(300g),식품
깨끗한나라 순수 시그니쳐 3겹(30롤),주방 용품
투게더 오리지널 바닐라(900ml),식품
비비고 육개장(500g),식품
하이트 엑스트라 콜드(6캔),식품
삼립호떡 미니꿀호떡(16개입),식품
바리스타룰스 콜드브루 블랙(325ml),식품
동원참치 라이트스탠다드(4캔),식품
CJ 행복한콩 국산콩 콩나물(280g),식품
농심 새우깡(90g),식품
미넷메이드 오렌지(1.5L),식품
서울우유 체다슬라이스치즈(400g),식품
하이트 엑스트라 콜드(500ml),식품
스탠다드큐 코비드-19 Ag 홈 테스트,생활 용품
삼다수(500ml),식품
PACE6 스타일 면도날(4개),위생 용품
정통크림빵(3개입),식품
오뚜기 콘마가린(180g)식품
청정원 진한 토마토 케찹(500g),식품
비비고 전복죽(280g),식품
"마늘(깐마늘, 100g)",식품
카스 프레쉬(6캔),식품
도브 센스티브 스킨 바디워시(1kg),위생 용품
백설 건강발효 사과식초(800ml),식품
오뚜기 크림스프(80g),식품
펩시콜라(1.8L),식품
오리온 포카칩 오리지널(66g),식품